Topics,Coherence
2,0.40178669110749676
3,0.4142884126943791
